<?xml version="1.0" encoding="UTF-8"?>
<!DOCTYPE mapper PUBLIC "-//mybatis.org//DTD Mapper 3.0//EN" "http://mybatis.org/dtd/mybatis-3-mapper.dtd">
<mapper namespace="com.xiaoshu.dao.StudentMapper">
  <resultMap id="BaseResultMap" type="com.xiaoshu.entity.Student">
    <!--
      WARNING - @mbg.generated
    -->
    <id column="id" jdbcType="INTEGER" property="id" />
    <result column="name" jdbcType="VARCHAR" property="name" />
    <result column="age" jdbcType="VARCHAR" property="age" />
    <result column="code" jdbcType="VARCHAR" property="code" />
    <result column="grade" jdbcType="VARCHAR" property="grade" />
    <result column="entrytime" jdbcType="DATE" property="entrytime" />
    <result column="createtime" jdbcType="DATE" property="createtime" />
    <result column="teacherid" jdbcType="INTEGER" property="teacherid" />
  </resultMap>
  <sql id="Example_Where_Clause">
    <!--
      WARNING - @mbg.generated
    -->
    <where>
      <foreach collection="oredCriteria" item="criteria" separator="or">
        <if test="criteria.valid">
          <trim prefix="(" prefixOverrides="and" suffix=")">
            <foreach collection="criteria.criteria" item="criterion">
              <choose>
                <when test="criterion.noValue">
                  and ${criterion.condition}
                </when>
                <when test="criterion.singleValue">
                  and ${criterion.condition} #{criterion.value}
                </when>
                <when test="criterion.betweenValue">
                  and ${criterion.condition} #{criterion.value} and #{criterion.secondValue}
                </when>
                <when test="criterion.listValue">
                  and ${criterion.condition}
                  <foreach close=")" collection="criterion.value" item="listItem" open="(" separator=",">
                    #{listItem}
                  </foreach>
                </when>
              </choose>
            </foreach>
          </trim>
        </if>
      </foreach>
    </where>
  </sql>
  <sql id="Update_By_Example_Where_Clause">
    <!--
      WARNING - @mbg.generated
    -->
    <where>
      <foreach collection="example.oredCriteria" item="criteria" separator="or">
        <if test="criteria.valid">
          <trim prefix="(" prefixOverrides="and" suffix=")">
            <foreach collection="criteria.criteria" item="criterion">
              <choose>
                <when test="criterion.noValue">
                  and ${criterion.condition}
                </when>
                <when test="criterion.singleValue">
                  and ${criterion.condition} #{criterion.value}
                </when>
                <when test="criterion.betweenValue">
                  and ${criterion.condition} #{criterion.value} and #{criterion.secondValue}
                </when>
                <when test="criterion.listValue">
                  and ${criterion.condition}
                  <foreach close=")" collection="criterion.value" item="listItem" open="(" separator=",">
                    #{listItem}
                  </foreach>
                </when>
              </choose>
            </foreach>
          </trim>
        </if>
      </foreach>
    </where>
  </sql>
  <sql id="Base_Column_List">
    <!--
      WARNING - @mbg.generated
    -->
    id, name, age, code, grade, entrytime, createtime, teacherid
  </sql>
    <select id="findPage" parameterType="StuVo" resultType="StuVo">
SELECT s.*,t.name as tname FROM teacher t,student s  
 <where>t.id=s.teacherid
 	<if test="name!=null and name!=''">
 	and s.name like '%${name}%'
 	</if>
 	<if test="grade!=null and grade!=''">
 	and s.grade=#{grade}
 	</if>
 	<if test="start!=null">
  and s.entrytime &gt;= #{start}
  </if>
  <if test="end!=null">
  and s.createtime &lt;= #{end}
  </if>
 
 
 </where>
 </select>
 
 <select id="getTje" resultType="StuVo">
SELECT COUNT(*) AS num , t.name AS tname FROM teacher t,student s  WHERE t.id=s.teacherid GROUP BY t.name
 
 </select> 
 
 <select id="findbyName" resultType="com.xiaoshu.entity.Student" parameterType="String">
 	select * from student where name = #{sname}
 </select>
</mapper>